Atr_30916-62,G,A,GACTGGGGCTATTT,GACTGGGACTATTT,AGGTCGTGCTGTATTGGTCA,0,0
Atr_39023-56,C,T,AGTGACACGGAGAG,AGTGACATGGAGAG,GGTCCACCTGTCAATAATGGC,0,0
Atr_39071-73,G,A,CTTCACAGAC,CTTCACAAAA,ATAGCCCAGGTGGATGCATG,0,0
Atr_45890-59,G,T,GTGAGGAGACCTGT,GTGAGGATACCTGT,TAAGGGCTGCAGTGGTGAAG,1.6,0
Atr_46229-66,G,A,TTGCTCCGTACAAA,TTGCTCCATACAAA,AGTGACAGGGAATTGTATGCCT,0,0
Atr_54038-48,A,G,CCGGGGAAAGGATG,CTGGGGAGAGGATG,CACAGGTATGCCACAGGACA,0,0
Atr_75140-58,C,T,GAGTATGCTTTCAT,GAGAATGTTTTCAT,CACCAGAGTGCTTTAAGGTTTATAA,0,0
Atr_76571-26,C,A,CGATGTTCACGTGC,CGATGCTAACGTGC,GAGGGTCCGCTAGCGATG,0,0
Atr_30916-30,T,C,AGCTCCTGTAAGG,AGCTCCCGTAAGG,AGGTCGTGCTGTATTGGTCA,0,0
Atr_39023-30,G,A,TGACACGGAGAGG,TGACACAGAGAGG,GGTCCACCTGTCAATAATGGC,0,0
Atr_39071-37,G,A,CTTCACAGACT,CTTCACAAACT,ATAGCCCAGGTGGATGCATG,0,0
Atr_45890-42,A,C,AGGAGACCTGTC,AGGAGCCCTGTC,TAAGGGCTGCAGTGGTGAAG,1.6,0
Atr_46229-48,G,A,AAGATGGCGTCCCT,AAGATGGAGTCCCT,AGTGACAGGGAATTGTATGCCT,0,0
Atr_54038-28,A,G,CCGGGGAAAGGATG,CCGGGGAGAGGATG,CACAGGTATGCCACAGGACA,0,0
Atr_75140-52,C,T,GAGTATGCTTTCAT,GAGTATGTTTTCAT,CACCAGAGTGCTTTAAGGTTTATAA,0,0
Atr_76571-21,C,A,CGATGTTCACGTGC,CGATGTTAACGTGC,GAGGGTCCGCTAGCGATG,0,0
