Atr_65359-31,T,C,AATCAGTTGCTGA,AATCAGCTGCTGA,GTAGTTCCCCTGCCTTGCAT,0,0
Atr_39023-23,A,G,AATGGCAATGACA,AATGGCAGTGACA,GGTCCACCTGTCAATAATGGC,0,0
Atr_45074-24,A,G,GCGACAATACATT,GCGACAGTGCATT,GGAGAAACACACACCAAGCG,0,0
Atr_46229-48,C,A,GATGGCGTCCCT,GATGGAGTCCCT,AGTGACAGGGAATTGTATGCCT,0,0
Atr_30916-30,T,C,AGCTCCTGTAAGG,AGCTCCCGTAAGG,AGGTCGTGCTGTATTGGTCA,0,0
Atr_10322-56,C,T,AGATACCTGCTAC,AGATACTTGCTAC,TGCAGGGGCTATCAGAGACT,0,0.3
Atr_45890-32,G,C,TACAGGCGTGAGG,TACAGCCATGAGG,TAAGGGCTGCAGTGGTGAAG,1.6,0
Atr_4677-49,C,T,GGCCTTCGCAAAC,GGCCTTTGCAAAC,CCTGACACTGGCACTCAACA,0,0
Atr_39071-41,G,A,ACTTCACAGACT,ACTTCACAAACT,ATAGCCCAGGTGGATGCATG,0,0
Atr_76571-21,C,A,CGATGTTCACGTG,CGATGTTAACGTG,GAGGGTCCGCTAGCGATG,0,0
Atr_75140-52,C,T,GAGTATGCTTTCAT,GAGTATGTTTTCAT,CACCAGAGTGCTTTAAGGTTTATAA,0,0
Atr_10428-54,C,A,GAGAGCTCACAGA,GAGAGCTAACAGA,CGCACACACACAAAGAGAGC,0,2 
Atr_41948-30,A,G,TCTTTATGAATTGA,TCTTTATGAGTTGA,TGCAGGGAGGGACATCTCTT,0,0
Atr_15294-36,A,T,TTCCAAGTACAA,TTCCATGTACAA,TGTATTGTTCGGATGAATTGGGA,0,0
Atr_28411-58,T,C,ATGAGTTCCTGAG,ATGAGTCCCTGAG,AAACCAAGCAGCGTCTGGAA,0,0
Atr_20219-47,C,A,ATGGAATCTTTTTA,ATGGAATATTTTTA,TGGACCTTATTAGAAGCTTAATGCC,0,0
Atr_48754-14,A,T,CTTTCAGTGGCCT,CTTTCTGTGGCCT,GCTTTCTCCTTTCAGTGGCC,0,0
Atr_525-41,G,A,GCTGCAGGAGCAA,GCTGCAAGAGCAA,TCCAGCATGACCATCTCTGC,0,0
Atr_70139-26,G,C,GGCAAGAGTATTACG,GGCAACAGTATTAC,GGAGTCCTACAAAGTTAAAGGGC,0,0 
