Atr_65359-46,T,C,CATCTTCAATCAG[CT]T,CATCTCCAATCAG[CT]T,GTAGTTCCCCTGCCTTGCAT,0,0
Atr_39023-56,C,T,AGTGACACGGAGAG,AGTGACATGGAGAG,GGTCCACCTGTCAATAATGGC,0,0
Atr_45074-45,T,G,GTGCATTTCAGCAG,GTGCATTGCAGCAG,GGAGAAACACACACCAAGCG,0,0
Atr_46229-66,G,A,TTGCTCCGTACAAA,TTGCTCCATACAAA,AGTGACAGGGAATTGTATGCCT,0,0
Atr_76418-65,A,T,CCGGCTTATCTGAA,CCGGCTTTTCTGAA,GGTAATGCGTGGGTGGTGTT,0,0
Atr_30916-62,G,A,GACTGGGGCTATTT,GACTGGGACTATTT,AGGTCGTGCTGTATTGGTCA,0,0
Atr_10322-43,G,A,GCAGCGAAACAAAGA,GCAGCAAAACAAAGA,TGCAGGGGCTATCAGAGACT,0,0.3
Atr_45890-59,G,T,GTGAGGAGACCTGT,GTGAGGATACCTGT,TAAGGGCTGCAGTGGTGAAG,1.6,0
Atr_4677-47,C,G,TCCCGGACCGGGCC,TCCCGGAGCGGGCC,CCTGACACTGGCACTCAACA,0,0
Atr_39071-73,G,A,CTTCACAGAC,CTTCACAAAA,ATAGCCCAGGTGGATGCATG,0,0
Atr_76571-26,C,A,CGATGTTCACGTGC,CGATGCTAACGTGC,GAGGGTCCGCTAGCGATG,0,0