Sample ID,Plate ID,i7_name,i7_sequence,i5_name,i5_sequence
768_1_1,1,i007,CAGATC,1,AAACGG
768_1_2,1,i007,CAGATC,2,ACTCTT
768_1_3,1,i007,CAGATC,3,ATTCCG
768_1_4,1,i007,CAGATC,4,CGAGGC
768_1_5,1,i007,CAGATC,5,GAAATG
768_1_6,1,i007,CAGATC,6,GGACTT
768_1_7,1,i007,CAGATC,7,TAAGCT
768_1_8,1,i007,CAGATC,8,TCTTCT
768_1_9,1,i007,CAGATC,9,AACGTT
768_1_10,1,i007,CAGATC,10,ACTGGC
768_1_11,1,i007,CAGATC,11,CAAAAA
768_1_12,1,i007,CAGATC,12,CGCAGA
768_1_13,1,i007,CAGATC,13,GAACCA
768_1_14,1,i007,CAGATC,14,GGCAAG
768_1_15,1,i007,CAGATC,15,TAATTC
768_1_16,1,i007,CAGATC,16,TGAACC
768_1_17,1,i007,CAGATC,17,AACTGA
768_1_18,1,i007,CAGATC,18,AGCCAT
768_1_19,1,i007,CAGATC,19,CAATCG
768_1_20,1,i007,CAGATC,20,CGCGTG
768_1_21,1,i007,CAGATC,21,GACGAC
768_1_22,1,i007,CAGATC,22,GGGCGC
768_2_1,1,i007,CAGATC,23,TACACA
768_2_2,1,i007,CAGATC,24,TGACAA
768_2_3,1,i007,CAGATC,25,AAGACG
768_2_4,1,i007,CAGATC,26,AGCGCA
768_2_5,1,i007,CAGATC,27,CACCTC
768_2_6,1,i007,CAGATC,28,CGGTCC
768_2_7,1,i007,CAGATC,29,GACTCT
768_2_8,1,i007,CAGATC,30,GGGGCG
768_2_9,1,i007,CAGATC,31,TACGGG
768_2_10,1,i007,CAGATC,32,TGCCCG
768_2_11,1,i007,CAGATC,33,AAGCTA
768_2_12,1,i007,CAGATC,34,AGGGTC
768_2_13,1,i007,CAGATC,35,CAGGCA
768_2_14,1,i007,CAGATC,36,CGTCTA
768_2_15,1,i007,CAGATC,37,GAGAGA
768_2_16,1,i007,CAGATC,38,GGTACA
768_2_17,1,i007,CAGATC,39,TAGTAT
768_2_18,1,i007,CAGATC,40,TGCTTA
768_2_19,1,i007,CAGATC,41,AATATC
768_2_20,1,i007,CAGATC,42,AGGTGT
331C_1,1,i007,CAGATC,43,CATACT
331C_2,1,i007,CAGATC,44,CGTGAT
331C_3,1,i007,CAGATC,45,GTCTCA
331C_4,1,i007,CAGATC,46,GGTTTG
331C_5,1,i007,CAGATC,47,TATCAC
331C_6,1,i007,CAGATC,48,TGGGGA
331C_7,1,i007,CAGATC,49,AATGAG
331C_8,1,i007,CAGATC,50,AGTAGG
331C_9,1,i007,CAGATC,51,CCATTT
331C_10,1,i007,CAGATC,52,CTACAG
331C_11,1,i007,CAGATC,53,GCAGAT
331C_12,1,i007,CAGATC,54,GTAAGT
331C_13,1,i007,CAGATC,55,TCAAAG
331C_14,1,i007,CAGATC,56,TTATGA
331C_15,1,i007,CAGATC,57,ACAAGA
331C_16,1,i007,CAGATC,58,AGTTAA
331C_17,1,i007,CAGATC,59,CCCGGT
331C_18,1,i007,CAGATC,60,CTCGCC
331C_19,1,i007,CAGATC,61,GCATGG
331C_20,1,i007,CAGATC,62,GTATCC
89E_2_1,1,i007,CAGATC,63,TCCTGC
89E_2_2,1,i007,CAGATC,64,TTCCGT
89E_2_3,1,i007,CAGATC,65,ACAGCG
89E_2_4,1,i007,CAGATC,66,ATAGTA
89E_2_5,1,i007,CAGATC,67,CCCTAA
89E_2_6,1,i007,CAGATC,68,CTGCGA
89E_2_7,1,i007,CAGATC,69,GCCGTA
89E_2_8,1,i007,CAGATC,70,GTCATC
89E_2_9,1,i007,CAGATC,71,TCGATT
89E_2_10,1,i007,CAGATC,72,TTCTAG
89E_2_11,1,i007,CAGATC,73,ACATAC
89E_2_12,1,i007,CAGATC,74,ATCAAA
89E_2_13,1,i007,CAGATC,75,CCGAGG
89E_2_14,1,i007,CAGATC,76,CTGGTT
89E_2_15,1,i007,CAGATC,77,GCGACC
3A21_1,1,i007,CAGATC,78,GTGCCT
3A21_2,1,i007,CAGATC,79,TCGCCA
3A21_3,1,i007,CAGATC,80,TTGAGC
3A21_4,1,i007,CAGATC,81,ACCATG
3A21_5,1,i007,CAGATC,82,ATGCAC
3A21_6,1,i007,CAGATC,83,CCGCAT
3A21_7,1,i007,CAGATC,84,CTTATG
3A21_8,1,i007,CAGATC,85,GCGCTG
3A21_9,1,i007,CAGATC,86,GTGTAA
3A21_10,1,i007,CAGATC,87,TCGGAC
3A21_11,1,i007,CAGATC,88,TTTAAT
3A21_12,1,i007,CAGATC,89,ACCCCC
3A21_13,1,i007,CAGATC,90,ATGTTG
3A21_14,1,i007,CAGATC,91,CCTAAC
3A21_15,1,i007,CAGATC,92,CTTTGC
7874_1,1,i007,CAGATC,93,GCTCAA
7874_2,1,i007,CAGATC,94,GTTGGA
7874_3,1,i007,CAGATC,95,TCTCGG
neg_control,1,i007,CAGATC,96,TTTGTC
7874_5,2,i014,GAGCTG,1,AAACGG
7874_6,2,i014,GAGCTG,2,ACTCTT
7874_7,2,i014,GAGCTG,3,ATTCCG
7874_8,2,i014,GAGCTG,4,CGAGGC
7874_9,2,i014,GAGCTG,5,GAAATG
7874_10,2,i014,GAGCTG,6,GGACTT
7874_11,2,i014,GAGCTG,7,TAAGCT
7874_12,2,i014,GAGCTG,8,TCTTCT
7874_13,2,i014,GAGCTG,9,AACGTT
7874_14,2,i014,GAGCTG,10,ACTGGC
7874_15,2,i014,GAGCTG,11,CAAAAA
7874_16,2,i014,GAGCTG,12,CGCAGA
7874_17,2,i014,GAGCTG,13,GAACCA
7874_18,2,i014,GAGCTG,14,GGCAAG
7874_19,2,i014,GAGCTG,15,TAATTC
7874_20,2,i014,GAGCTG,16,TGAACC
DD87_1,2,i014,GAGCTG,17,AACTGA
DD87_2,2,i014,GAGCTG,18,AGCCAT
DD87_3,2,i014,GAGCTG,19,CAATCG
DD87_4,2,i014,GAGCTG,20,CGCGTG
DD87_5,2,i014,GAGCTG,21,GACGAC
DD87_6,2,i014,GAGCTG,22,GGGCGC
DD87_7,2,i014,GAGCTG,23,TACACA
DD87_8,2,i014,GAGCTG,24,TGACAA
DD87_9,2,i014,GAGCTG,25,AAGACG
DD87_10,2,i014,GAGCTG,26,AGCGCA
DD87_11,2,i014,GAGCTG,27,CACCTC
DD87_12,2,i014,GAGCTG,28,CGGTCC
DD87_13,2,i014,GAGCTG,29,GACTCT
DD87_14,2,i014,GAGCTG,30,GGGGCG
DD87_15,2,i014,GAGCTG,31,TACGGG
8C31_1,2,i014,GAGCTG,32,TGCCCG
8C31_2,2,i014,GAGCTG,33,AAGCTA
8C31_3,2,i014,GAGCTG,34,AGGGTC
8C31_4,2,i014,GAGCTG,35,CAGGCA
8C31_5,2,i014,GAGCTG,36,CGTCTA
8C31_6,2,i014,GAGCTG,37,GAGAGA
8C31_7,2,i014,GAGCTG,38,GGTACA
8C31_8,2,i014,GAGCTG,39,TAGTAT
8C31_9,2,i014,GAGCTG,40,TGCTTA
8C31_10,2,i014,GAGCTG,41,AATATC
8C31_11,2,i014,GAGCTG,42,AGGTGT
8C31_12,2,i014,GAGCTG,43,CATACT
8C31_13,2,i014,GAGCTG,44,CGTGAT
8C31_14,2,i014,GAGCTG,45,GTCTCA
8C31_15,2,i014,GAGCTG,46,GGTTTG
04C1_1,2,i014,GAGCTG,47,TATCAC
04C1_2,2,i014,GAGCTG,48,TGGGGA
04C1_3,2,i014,GAGCTG,49,AATGAG
04C1_4,2,i014,GAGCTG,50,AGTAGG
04C1_5,2,i014,GAGCTG,51,CCATTT
04C1_6,2,i014,GAGCTG,52,CTACAG
04C1_7,2,i014,GAGCTG,53,GCAGAT
04C1_8,2,i014,GAGCTG,54,GTAAGT
04C1_9,2,i014,GAGCTG,55,TCAAAG
04C1_10,2,i014,GAGCTG,56,TTATGA
04C1_11,2,i014,GAGCTG,57,ACAAGA
04C1_12,2,i014,GAGCTG,58,AGTTAA
04C1_13,2,i014,GAGCTG,59,CCCGGT
04C1_14,2,i014,GAGCTG,60,CTCGCC
04C1_15,2,i014,GAGCTG,61,GCATGG
5D58_1,2,i014,GAGCTG,62,GTATCC
5D58_2,2,i014,GAGCTG,63,TCCTGC
5D58_3,2,i014,GAGCTG,64,TTCCGT
5D58_4,2,i014,GAGCTG,65,ACAGCG
5D58_5,2,i014,GAGCTG,66,ATAGTA
5D58_6,2,i014,GAGCTG,67,CCCTAA
5D58_7,2,i014,GAGCTG,68,CTGCGA
5D58_8,2,i014,GAGCTG,69,GCCGTA
5D58_9,2,i014,GAGCTG,70,GTCATC
5D58_10,2,i014,GAGCTG,71,TCGATT
5D58_11,2,i014,GAGCTG,72,TTCTAG
5D58_12,2,i014,GAGCTG,73,ACATAC
5D58_13,2,i014,GAGCTG,74,ATCAAA
5D58_14,2,i014,GAGCTG,75,CCGAGG
5D58_15,2,i014,GAGCTG,76,CTGGTT
18100,2,i014,GAGCTG,77,GCGACC
18101,2,i014,GAGCTG,78,GTGCCT
18102,2,i014,GAGCTG,79,TCGCCA
18103,2,i014,GAGCTG,80,TTGAGC
18104,2,i014,GAGCTG,81,ACCATG
18105,2,i014,GAGCTG,82,ATGCAC
18106,2,i014,GAGCTG,83,CCGCAT
18107,2,i014,GAGCTG,84,CTTATG
18108,2,i014,GAGCTG,85,GCGCTG
18109,2,i014,GAGCTG,86,GTGTAA
18110,2,i014,GAGCTG,87,TCGGAC
18111,2,i014,GAGCTG,88,TTTAAT
18112,2,i014,GAGCTG,89,ACCCCC
18113,2,i014,GAGCTG,90,ATGTTG
18114,2,i014,GAGCTG,91,CCTAAC
18115,2,i014,GAGCTG,92,CTTTGC
18116,2,i014,GAGCTG,93,GCTCAA
18117,2,i014,GAGCTG,94,GTTGGA
18118,2,i014,GAGCTG,95,TCTCGG
neg_control,2,i014,GAGCTG,96,TTTGTC
18120,3,i004,TGACCA,1,AAACGG
18121,3,i004,TGACCA,2,ACTCTT
18122,3,i004,TGACCA,3,ATTCCG
18123,3,i004,TGACCA,4,CGAGGC
18124,3,i004,TGACCA,5,GAAATG
18125,3,i004,TGACCA,6,GGACTT
18126,3,i004,TGACCA,7,TAAGCT
18127,3,i004,TGACCA,8,TCTTCT
18128,3,i004,TGACCA,9,AACGTT
18129,3,i004,TGACCA,10,ACTGGC
18130,3,i004,TGACCA,11,CAAAAA
18131,3,i004,TGACCA,12,CGCAGA
18132,3,i004,TGACCA,13,GAACCA
18133,3,i004,TGACCA,14,GGCAAG
18134,3,i004,TGACCA,15,TAATTC
18135,3,i004,TGACCA,16,TGAACC
18136,3,i004,TGACCA,17,AACTGA
18137,3,i004,TGACCA,18,AGCCAT
18138,3,i004,TGACCA,19,CAATCG
18139,3,i004,TGACCA,20,CGCGTG
18140,3,i004,TGACCA,21,GACGAC
18141,3,i004,TGACCA,22,GGGCGC
18142,3,i004,TGACCA,23,TACACA
18143,3,i004,TGACCA,24,TGACAA
18144,3,i004,TGACCA,25,AAGACG
18145,3,i004,TGACCA,26,AGCGCA
18146,3,i004,TGACCA,27,CACCTC
18147,3,i004,TGACCA,28,CGGTCC
18148,3,i004,TGACCA,29,GACTCT
18149,3,i004,TGACCA,30,GGGGCG
18150,3,i004,TGACCA,31,TACGGG
18151,3,i004,TGACCA,32,TGCCCG
18152,3,i004,TGACCA,33,AAGCTA
18153,3,i004,TGACCA,34,AGGGTC
18154,3,i004,TGACCA,35,CAGGCA
18155,3,i004,TGACCA,36,CGTCTA
18156,3,i004,TGACCA,37,GAGAGA
18157,3,i004,TGACCA,38,GGTACA
18158,3,i004,TGACCA,39,TAGTAT
18159,3,i004,TGACCA,40,TGCTTA
18160,3,i004,TGACCA,41,AATATC
18161,3,i004,TGACCA,42,AGGTGT
18162,3,i004,TGACCA,43,CATACT
18163,3,i004,TGACCA,44,CGTGAT
18164,3,i004,TGACCA,45,GTCTCA
18165,3,i004,TGACCA,46,GGTTTG
18166,3,i004,TGACCA,47,TATCAC
18167,3,i004,TGACCA,48,TGGGGA
18168,3,i004,TGACCA,49,AATGAG
18169,3,i004,TGACCA,50,AGTAGG
18170,3,i004,TGACCA,51,CCATTT
18171,3,i004,TGACCA,52,CTACAG
18172,3,i004,TGACCA,53,GCAGAT
18173,3,i004,TGACCA,54,GTAAGT
18174,3,i004,TGACCA,55,TCAAAG
18175,3,i004,TGACCA,56,TTATGA
18176,3,i004,TGACCA,57,ACAAGA
18177,3,i004,TGACCA,58,AGTTAA
18178,3,i004,TGACCA,59,CCCGGT
18179,3,i004,TGACCA,60,CTCGCC
18180,3,i004,TGACCA,61,GCATGG
18181,3,i004,TGACCA,62,GTATCC
18182,3,i004,TGACCA,63,TCCTGC
18183,3,i004,TGACCA,64,TTCCGT
18184,3,i004,TGACCA,65,ACAGCG
18185,3,i004,TGACCA,66,ATAGTA
18186,3,i004,TGACCA,67,CCCTAA
18187,3,i004,TGACCA,68,CTGCGA
18188,3,i004,TGACCA,69,GCCGTA
18189,3,i004,TGACCA,70,GTCATC
18190,3,i004,TGACCA,71,TCGATT
18191,3,i004,TGACCA,72,TTCTAG
18192,3,i004,TGACCA,73,ACATAC
18193,3,i004,TGACCA,74,ATCAAA
18194,3,i004,TGACCA,75,CCGAGG
18195,3,i004,TGACCA,76,CTGGTT
18196,3,i004,TGACCA,77,GCGACC
18197,3,i004,TGACCA,78,GTGCCT
18198,3,i004,TGACCA,79,TCGCCA
18199,3,i004,TGACCA,80,TTGAGC
18200,3,i004,TGACCA,81,ACCATG
18201,3,i004,TGACCA,82,ATGCAC
18202,3,i004,TGACCA,83,CCGCAT
18203,3,i004,TGACCA,84,CTTATG
18204,3,i004,TGACCA,85,GCGCTG
18205,3,i004,TGACCA,86,GTGTAA
18206,3,i004,TGACCA,87,TCGGAC
18207,3,i004,TGACCA,88,TTTAAT
18208,3,i004,TGACCA,89,ACCCCC
18209,3,i004,TGACCA,90,ATGTTG
18210,3,i004,TGACCA,91,CCTAAC
18211,3,i004,TGACCA,92,CTTTGC
18212,3,i004,TGACCA,93,GCTCAA
18213,3,i004,TGACCA,94,GTTGGA
18214,3,i004,TGACCA,95,TCTCGG
neg_control,3,i004,TGACCA,96,TTTGTC
18216,4,i001,ATCACG,1,AAACGG
18217,4,i001,ATCACG,2,ACTCTT
18218,4,i001,ATCACG,3,ATTCCG
18219,4,i001,ATCACG,4,CGAGGC
18220,4,i001,ATCACG,5,GAAATG
18221,4,i001,ATCACG,6,GGACTT
18222,4,i001,ATCACG,7,TAAGCT
18223,4,i001,ATCACG,8,TCTTCT
18224,4,i001,ATCACG,9,AACGTT
18225,4,i001,ATCACG,10,ACTGGC
18226,4,i001,ATCACG,11,CAAAAA
18227,4,i001,ATCACG,12,CGCAGA
18228,4,i001,ATCACG,13,GAACCA
18229,4,i001,ATCACG,14,GGCAAG
18230,4,i001,ATCACG,15,TAATTC
18231,4,i001,ATCACG,16,TGAACC
18232,4,i001,ATCACG,17,AACTGA
18233,4,i001,ATCACG,18,AGCCAT
18234,4,i001,ATCACG,19,CAATCG
18235,4,i001,ATCACG,20,CGCGTG
18236,4,i001,ATCACG,21,GACGAC
18237,4,i001,ATCACG,22,GGGCGC
18238,4,i001,ATCACG,23,TACACA
18239,4,i001,ATCACG,24,TGACAA
18240,4,i001,ATCACG,25,AAGACG
18241,4,i001,ATCACG,26,AGCGCA
18242,4,i001,ATCACG,27,CACCTC
18243,4,i001,ATCACG,28,CGGTCC
18244,4,i001,ATCACG,29,GACTCT
18245,4,i001,ATCACG,30,GGGGCG
18246,4,i001,ATCACG,31,TACGGG
18247,4,i001,ATCACG,32,TGCCCG
18248,4,i001,ATCACG,33,AAGCTA
18249,4,i001,ATCACG,34,AGGGTC
18250,4,i001,ATCACG,35,CAGGCA
18251,4,i001,ATCACG,36,CGTCTA
18252,4,i001,ATCACG,37,GAGAGA
18253,4,i001,ATCACG,38,GGTACA
18254,4,i001,ATCACG,39,TAGTAT
18255,4,i001,ATCACG,40,TGCTTA
18256,4,i001,ATCACG,41,AATATC
18257,4,i001,ATCACG,42,AGGTGT
18258,4,i001,ATCACG,43,CATACT
18259,4,i001,ATCACG,44,CGTGAT
18260,4,i001,ATCACG,45,GTCTCA
18261,4,i001,ATCACG,46,GGTTTG
18262,4,i001,ATCACG,47,TATCAC
18263,4,i001,ATCACG,48,TGGGGA
18264,4,i001,ATCACG,49,AATGAG
18265,4,i001,ATCACG,50,AGTAGG
18266,4,i001,ATCACG,51,CCATTT
18267,4,i001,ATCACG,52,CTACAG
18268,4,i001,ATCACG,53,GCAGAT
18269,4,i001,ATCACG,54,GTAAGT
18270,4,i001,ATCACG,55,TCAAAG
18271,4,i001,ATCACG,56,TTATGA
18272,4,i001,ATCACG,57,ACAAGA
18273,4,i001,ATCACG,58,AGTTAA
18274,4,i001,ATCACG,59,CCCGGT
18275,4,i001,ATCACG,60,CTCGCC
18276,4,i001,ATCACG,61,GCATGG
18277,4,i001,ATCACG,62,GTATCC
18278,4,i001,ATCACG,63,TCCTGC
18279,4,i001,ATCACG,64,TTCCGT
18280,4,i001,ATCACG,65,ACAGCG
18281,4,i001,ATCACG,66,ATAGTA
18282,4,i001,ATCACG,67,CCCTAA
18283,4,i001,ATCACG,68,CTGCGA
18284,4,i001,ATCACG,69,GCCGTA
18285,4,i001,ATCACG,70,GTCATC
18286,4,i001,ATCACG,71,TCGATT
18287,4,i001,ATCACG,72,TTCTAG
18288,4,i001,ATCACG,73,ACATAC
18289,4,i001,ATCACG,74,ATCAAA
18290,4,i001,ATCACG,75,CCGAGG
18291,4,i001,ATCACG,76,CTGGTT
18292,4,i001,ATCACG,77,GCGACC
18293,4,i001,ATCACG,78,GTGCCT
18294,4,i001,ATCACG,79,TCGCCA
18295,4,i001,ATCACG,80,TTGAGC
18296,4,i001,ATCACG,81,ACCATG
18297,4,i001,ATCACG,82,ATGCAC
18298,4,i001,ATCACG,83,CCGCAT
18299,4,i001,ATCACG,84,CTTATG
18300,4,i001,ATCACG,85,GCGCTG
18301,4,i001,ATCACG,86,GTGTAA
18302,4,i001,ATCACG,87,TCGGAC
18303,4,i001,ATCACG,88,TTTAAT
18304,4,i001,ATCACG,89,ACCCCC
18305,4,i001,ATCACG,90,ATGTTG
18306,4,i001,ATCACG,91,CCTAAC
18307,4,i001,ATCACG,92,CTTTGC
18308,4,i001,ATCACG,93,GCTCAA
18309,4,i001,ATCACG,94,GTTGGA
18310,4,i001,ATCACG,95,TCTCGG
neg_control,4,i001,ATCACG,96,TTTGTC
18312,5,i009,GATCAG,1,AAACGG
18313,5,i009,GATCAG,2,ACTCTT
18314,5,i009,GATCAG,3,ATTCCG
18315,5,i009,GATCAG,4,CGAGGC
18316,5,i009,GATCAG,5,GAAATG
18317,5,i009,GATCAG,6,GGACTT
18318,5,i009,GATCAG,7,TAAGCT
18319,5,i009,GATCAG,8,TCTTCT
18320,5,i009,GATCAG,9,AACGTT
18321,5,i009,GATCAG,10,ACTGGC
18322,5,i009,GATCAG,11,CAAAAA
18323,5,i009,GATCAG,12,CGCAGA
18324,5,i009,GATCAG,13,GAACCA
18325,5,i009,GATCAG,14,GGCAAG
18326,5,i009,GATCAG,15,TAATTC
18327,5,i009,GATCAG,16,TGAACC
18328,5,i009,GATCAG,17,AACTGA
18329,5,i009,GATCAG,18,AGCCAT
18330,5,i009,GATCAG,19,CAATCG
18331,5,i009,GATCAG,20,CGCGTG
18332,5,i009,GATCAG,21,GACGAC
18333,5,i009,GATCAG,22,GGGCGC
18334,5,i009,GATCAG,23,TACACA
18335,5,i009,GATCAG,24,TGACAA
18336,5,i009,GATCAG,25,AAGACG
18337,5,i009,GATCAG,26,AGCGCA
18338,5,i009,GATCAG,27,CACCTC
18339,5,i009,GATCAG,28,CGGTCC
18340,5,i009,GATCAG,29,GACTCT
18341,5,i009,GATCAG,30,GGGGCG
18342,5,i009,GATCAG,31,TACGGG
18343,5,i009,GATCAG,32,TGCCCG
18344,5,i009,GATCAG,33,AAGCTA
18345,5,i009,GATCAG,34,AGGGTC
18346,5,i009,GATCAG,35,CAGGCA
18347,5,i009,GATCAG,36,CGTCTA
18348,5,i009,GATCAG,37,GAGAGA
18349,5,i009,GATCAG,38,GGTACA
18417,5,i009,GATCAG,39,TAGTAT
18418,5,i009,GATCAG,40,TGCTTA
18419,5,i009,GATCAG,41,AATATC
18420,5,i009,GATCAG,42,AGGTGT
18421,5,i009,GATCAG,43,CATACT
18422,5,i009,GATCAG,44,CGTGAT
18423,5,i009,GATCAG,45,GTCTCA
18424,5,i009,GATCAG,46,GGTTTG
18425,5,i009,GATCAG,47,TATCAC
18426,5,i009,GATCAG,48,TGGGGA
18427,5,i009,GATCAG,49,AATGAG
18428,5,i009,GATCAG,50,AGTAGG
18429,5,i009,GATCAG,51,CCATTT
18430,5,i009,GATCAG,52,CTACAG
18431,5,i009,GATCAG,53,GCAGAT
18432,5,i009,GATCAG,54,GTAAGT
18433,5,i009,GATCAG,55,TCAAAG
18434,5,i009,GATCAG,56,TTATGA
18435,5,i009,GATCAG,57,ACAAGA
18436,5,i009,GATCAG,58,AGTTAA
18437,5,i009,GATCAG,59,CCCGGT
18438,5,i009,GATCAG,60,CTCGCC
18439,5,i009,GATCAG,61,GCATGG
18440,5,i009,GATCAG,62,GTATCC
18441,5,i009,GATCAG,63,TCCTGC
18442,5,i009,GATCAG,64,TTCCGT
18443,5,i009,GATCAG,65,ACAGCG
18444,5,i009,GATCAG,66,ATAGTA
18445,5,i009,GATCAG,67,CCCTAA
18446,5,i009,GATCAG,68,CTGCGA
18447,5,i009,GATCAG,69,GCCGTA
18448,5,i009,GATCAG,70,GTCATC
18449,5,i009,GATCAG,71,TCGATT
1,5,i009,GATCAG,72,TTCTAG
2,5,i009,GATCAG,73,ACATAC
3,5,i009,GATCAG,74,ATCAAA
4,5,i009,GATCAG,75,CCGAGG
5,5,i009,GATCAG,76,CTGGTT
6,5,i009,GATCAG,77,GCGACC
7,5,i009,GATCAG,78,GTGCCT
8,5,i009,GATCAG,79,TCGCCA
9,5,i009,GATCAG,80,TTGAGC
10,5,i009,GATCAG,81,ACCATG
11,5,i009,GATCAG,82,ATGCAC
12,5,i009,GATCAG,83,CCGCAT
13,5,i009,GATCAG,84,CTTATG
14,5,i009,GATCAG,85,GCGCTG
15,5,i009,GATCAG,86,GTGTAA
16,5,i009,GATCAG,87,TCGGAC
17,5,i009,GATCAG,88,TTTAAT
18,5,i009,GATCAG,89,ACCCCC
19,5,i009,GATCAG,90,ATGTTG
20,5,i009,GATCAG,91,CCTAAC
21,5,i009,GATCAG,92,CTTTGC
22,5,i009,GATCAG,93,GCTCAA
23,5,i009,GATCAG,94,GTTGGA
24,5,i009,GATCAG,95,TCTCGG
neg_control,5,i009,GATCAG,96,TTTGTC
26,6,i006,GCCAAT,1,AAACGG
27,6,i006,GCCAAT,2,ACTCTT
28,6,i006,GCCAAT,3,ATTCCG
29,6,i006,GCCAAT,4,CGAGGC
30,6,i006,GCCAAT,5,GAAATG
31,6,i006,GCCAAT,6,GGACTT
32,6,i006,GCCAAT,7,TAAGCT
33,6,i006,GCCAAT,8,TCTTCT
34,6,i006,GCCAAT,9,AACGTT
36,6,i006,GCCAAT,10,ACTGGC
37,6,i006,GCCAAT,11,CAAAAA
38,6,i006,GCCAAT,12,CGCAGA
39,6,i006,GCCAAT,13,GAACCA
40,6,i006,GCCAAT,14,GGCAAG
41,6,i006,GCCAAT,15,TAATTC
42,6,i006,GCCAAT,16,TGAACC
43,6,i006,GCCAAT,17,AACTGA
44,6,i006,GCCAAT,18,AGCCAT
45,6,i006,GCCAAT,19,CAATCG
46,6,i006,GCCAAT,20,CGCGTG
47,6,i006,GCCAAT,21,GACGAC
48,6,i006,GCCAAT,22,GGGCGC
49,6,i006,GCCAAT,23,TACACA
50,6,i006,GCCAAT,24,TGACAA
51,6,i006,GCCAAT,25,AAGACG
52,6,i006,GCCAAT,26,AGCGCA
53,6,i006,GCCAAT,27,CACCTC
54,6,i006,GCCAAT,28,CGGTCC
55,6,i006,GCCAAT,29,GACTCT
56,6,i006,GCCAAT,30,GGGGCG
57,6,i006,GCCAAT,31,TACGGG
58,6,i006,GCCAAT,32,TGCCCG
59,6,i006,GCCAAT,33,AAGCTA
60,6,i006,GCCAAT,34,AGGGTC
61,6,i006,GCCAAT,35,CAGGCA
62,6,i006,GCCAAT,36,CGTCTA
63,6,i006,GCCAAT,37,GAGAGA
64,6,i006,GCCAAT,38,GGTACA
65,6,i006,GCCAAT,39,TAGTAT
66,6,i006,GCCAAT,40,TGCTTA
68,6,i006,GCCAAT,41,AATATC
69,6,i006,GCCAAT,42,AGGTGT
70,6,i006,GCCAAT,43,CATACT
71,6,i006,GCCAAT,44,CGTGAT
72,6,i006,GCCAAT,45,GTCTCA
73,6,i006,GCCAAT,46,GGTTTG
74,6,i006,GCCAAT,47,TATCAC
75,6,i006,GCCAAT,48,TGGGGA
76,6,i006,GCCAAT,49,AATGAG
77,6,i006,GCCAAT,50,AGTAGG
78,6,i006,GCCAAT,51,CCATTT
79,6,i006,GCCAAT,52,CTACAG
80,6,i006,GCCAAT,53,GCAGAT
81,6,i006,GCCAAT,54,GTAAGT
82,6,i006,GCCAAT,55,TCAAAG
86,6,i006,GCCAAT,56,TTATGA
87,6,i006,GCCAAT,57,ACAAGA
88,6,i006,GCCAAT,58,AGTTAA
89,6,i006,GCCAAT,59,CCCGGT
90,6,i006,GCCAAT,60,CTCGCC
91,6,i006,GCCAAT,61,GCATGG
92,6,i006,GCCAAT,62,GTATCC
93,6,i006,GCCAAT,63,TCCTGC
94,6,i006,GCCAAT,64,TTCCGT
95,6,i006,GCCAAT,65,ACAGCG
96,6,i006,GCCAAT,66,ATAGTA
97,6,i006,GCCAAT,67,CCCTAA
98,6,i006,GCCAAT,68,CTGCGA
99,6,i006,GCCAAT,69,GCCGTA
100,6,i006,GCCAAT,70,GTCATC
101,6,i006,GCCAAT,71,TCGATT
102,6,i006,GCCAAT,72,TTCTAG
103,6,i006,GCCAAT,73,ACATAC
104,6,i006,GCCAAT,74,ATCAAA
105,6,i006,GCCAAT,75,CCGAGG
106,6,i006,GCCAAT,76,CTGGTT
107,6,i006,GCCAAT,77,GCGACC
108,6,i006,GCCAAT,78,GTGCCT
109,6,i006,GCCAAT,79,TCGCCA
110,6,i006,GCCAAT,80,TTGAGC
111,6,i006,GCCAAT,81,ACCATG
112,6,i006,GCCAAT,82,ATGCAC
113,6,i006,GCCAAT,83,CCGCAT
114,6,i006,GCCAAT,84,CTTATG
115,6,i006,GCCAAT,85,GCGCTG
116,6,i006,GCCAAT,86,GTGTAA
117,6,i006,GCCAAT,87,TCGGAC
118,6,i006,GCCAAT,88,TTTAAT
119,6,i006,GCCAAT,89,ACCCCC
120,6,i006,GCCAAT,90,ATGTTG
121,6,i006,GCCAAT,91,CCTAAC
122,6,i006,GCCAAT,92,CTTTGC
123,6,i006,GCCAAT,93,GCTCAA
124,6,i006,GCCAAT,94,GTTGGA
125,6,i006,GCCAAT,95,TCTCGG
neg_control,6,i006,GCCAAT,96,TTTGTC
HCLG1702,7,i005,ACAGTG,1,AAACGG
HCLG1703,7,i005,ACAGTG,2,ACTCTT
HCLG1704,7,i005,ACAGTG,3,ATTCCG
HCLG1705,7,i005,ACAGTG,4,CGAGGC
HCLG1706,7,i005,ACAGTG,5,GAAATG
HCLG1707,7,i005,ACAGTG,6,GGACTT
HCLG1708,7,i005,ACAGTG,7,TAAGCT
HCLG1709,7,i005,ACAGTG,8,TCTTCT
HCLG1710,7,i005,ACAGTG,9,AACGTT
HCLG1711,7,i005,ACAGTG,10,ACTGGC
HCLG1712,7,i005,ACAGTG,11,CAAAAA
HCLG1713,7,i005,ACAGTG,12,CGCAGA
HCLG1714,7,i005,ACAGTG,13,GAACCA
HCLG_1_1,7,i005,ACAGTG,14,GGCAAG
HCLG_2_1,7,i005,ACAGTG,15,TAATTC
HCLG_3_1,7,i005,ACAGTG,16,TGAACC
HCLG_4_1,7,i005,ACAGTG,17,AACTGA
HCLG_5_1,7,i005,ACAGTG,18,AGCCAT
HCLG_6_1,7,i005,ACAGTG,19,CAATCG
HCLG_7_1,7,i005,ACAGTG,20,CGCGTG
HCLG_8_1,7,i005,ACAGTG,21,GACGAC
HCLG_9_1,7,i005,ACAGTG,22,GGGCGC
HCLG_10_1,7,i005,ACAGTG,23,TACACA
HCLG_11_1,7,i005,ACAGTG,24,TGACAA
HCLG_12_1,7,i005,ACAGTG,25,AAGACG
HCLG_12_2,7,i005,ACAGTG,26,AGCGCA
HCLG_12_3,7,i005,ACAGTG,27,CACCTC
HCLG_13_1,7,i005,ACAGTG,28,CGGTCC
HCLG_13_2,7,i005,ACAGTG,29,GACTCT
HCLG_13_3,7,i005,ACAGTG,30,GGGGCG
HCLG_14_1,7,i005,ACAGTG,31,TACGGG
HCLG_15_1,7,i005,ACAGTG,32,TGCCCG
HCLG_15_2,7,i005,ACAGTG,33,AAGCTA
HCLG_16_1,7,i005,ACAGTG,34,AGGGTC
HCLG_16_2,7,i005,ACAGTG,35,CAGGCA
HCLG_17_1,7,i005,ACAGTG,36,CGTCTA
HCLG_18_1,7,i005,ACAGTG,37,GAGAGA
HCLG_18_2,7,i005,ACAGTG,38,GGTACA
HCLG_18_3,7,i005,ACAGTG,39,TAGTAT
HCLG_18_4,7,i005,ACAGTG,40,TGCTTA
HCLG_19_1,7,i005,ACAGTG,41,AATATC
HCLG_19_2,7,i005,ACAGTG,42,AGGTGT
HCLG_20_1,7,i005,ACAGTG,43,CATACT
HCLG_21_1,7,i005,ACAGTG,44,CGTGAT
HCLG_21_2,7,i005,ACAGTG,45,GTCTCA
HCLG_22_1,7,i005,ACAGTG,46,GGTTTG
HCLG_23_1,7,i005,ACAGTG,47,TATCAC
HCLG_24_1,7,i005,ACAGTG,48,TGGGGA
HCLG_25_1,7,i005,ACAGTG,49,AATGAG
HCLG_26_1,7,i005,ACAGTG,50,AGTAGG
HCLG_27_1,7,i005,ACAGTG,51,CCATTT
HCLG_28_1,7,i005,ACAGTG,52,CTACAG
HCLG_28_2,7,i005,ACAGTG,53,GCAGAT
HCLG_30_1,7,i005,ACAGTG,54,GTAAGT
HCLG_30_2,7,i005,ACAGTG,55,TCAAAG
HCLG_31_1,7,i005,ACAGTG,56,TTATGA
HCLG_31_2,7,i005,ACAGTG,57,ACAAGA
HCLG_32_1,7,i005,ACAGTG,58,AGTTAA
HCLG_33_1,7,i005,ACAGTG,59,CCCGGT
HCLG_34_1,7,i005,ACAGTG,60,CTCGCC
HCLG_34_2,7,i005,ACAGTG,61,GCATGG
HCLG_35_1,7,i005,ACAGTG,62,GTATCC
HCLG_35_2,7,i005,ACAGTG,63,TCCTGC
HCLG_36_1,7,i005,ACAGTG,64,TTCCGT
HCLG_37_1,7,i005,ACAGTG,65,ACAGCG
HCLG_38_1,7,i005,ACAGTG,66,ATAGTA
HCLG_39_1,7,i005,ACAGTG,67,CCCTAA
HCLG_40_1,7,i005,ACAGTG,68,CTGCGA
HCLG_40_2,7,i005,ACAGTG,69,GCCGTA
HCLG_41_1,7,i005,ACAGTG,70,GTCATC
HCLG_42_1,7,i005,ACAGTG,71,TCGATT
HCLG_43_1,7,i005,ACAGTG,72,TTCTAG
HCLG_44_1,7,i005,ACAGTG,73,ACATAC
HCLG_44_2,7,i005,ACAGTG,74,ATCAAA
HCLG_45_1,7,i005,ACAGTG,75,CCGAGG
HCLG_45_2,7,i005,ACAGTG,76,CTGGTT
HCLG_46_1,7,i005,ACAGTG,77,GCGACC
HCLG_46_2,7,i005,ACAGTG,78,GTGCCT
HCLG_46_3,7,i005,ACAGTG,79,TCGCCA
HCLG_46_4,7,i005,ACAGTG,80,TTGAGC
HCLG_47_1,7,i005,ACAGTG,81,ACCATG
HCLG_47_2,7,i005,ACAGTG,82,ATGCAC
HCLG_47_3,7,i005,ACAGTG,83,CCGCAT
HCLG_47_4,7,i005,ACAGTG,84,CTTATG
HCLG_47_5,7,i005,ACAGTG,85,GCGCTG
HCLG_47_6,7,i005,ACAGTG,86,GTGTAA
HCLG_47_7,7,i005,ACAGTG,87,TCGGAC
HCLG_48_1,7,i005,ACAGTG,88,TTTAAT
HCLG_48_2,7,i005,ACAGTG,89,ACCCCC
HCLG_48_3,7,i005,ACAGTG,90,ATGTTG
HCLG_48_4,7,i005,ACAGTG,91,CCTAAC
HCLG_48_5,7,i005,ACAGTG,92,CTTTGC
HCLG_48_6,7,i005,ACAGTG,93,GCTCAA
HCLG_49_1,7,i005,ACAGTG,94,GTTGGA
HCLG_49_2,7,i005,ACAGTG,95,TCTCGG
neg_control,7,i005,ACAGTG,96,TTTGTC
HCLG_49_4,8,i013,GGATAA,1,AAACGG
HCLG_50_1,8,i013,GGATAA,2,ACTCTT
HCLG_50_2,8,i013,GGATAA,3,ATTCCG
HCLG_51_1,8,i013,GGATAA,4,CGAGGC
HCLG_51_2,8,i013,GGATAA,5,GAAATG
HCLG_51_3,8,i013,GGATAA,6,GGACTT
HCLG_51_4,8,i013,GGATAA,7,TAAGCT
HCLG_51_5,8,i013,GGATAA,8,TCTTCT
HCLG_51_6,8,i013,GGATAA,9,AACGTT
HCLG_51_7,8,i013,GGATAA,10,ACTGGC
HCLG_52_1,8,i013,GGATAA,11,CAAAAA
HCLG_52_2,8,i013,GGATAA,12,CGCAGA
HCLG_52_3,8,i013,GGATAA,13,GAACCA
HCLG_53_1,8,i013,GGATAA,14,GGCAAG
HCLG_53_2,8,i013,GGATAA,15,TAATTC
HCLG_54_1,8,i013,GGATAA,16,TGAACC
HCLG_54_2,8,i013,GGATAA,17,AACTGA
HCLG_55_1,8,i013,GGATAA,18,AGCCAT
HCLG_55_2,8,i013,GGATAA,19,CAATCG
HCLG_55_3,8,i013,GGATAA,20,CGCGTG
HCLG_55_4,8,i013,GGATAA,21,GACGAC
HCLG_55_5,8,i013,GGATAA,22,GGGCGC
HCLG_55_6,8,i013,GGATAA,23,TACACA
HCLG_55_7,8,i013,GGATAA,24,TGACAA
HCLG_56_1,8,i013,GGATAA,25,AAGACG
HCLG_56_2,8,i013,GGATAA,26,AGCGCA
HCLG_56_3,8,i013,GGATAA,27,CACCTC
HCLG_57_1,8,i013,GGATAA,28,CGGTCC
HCLG_58_1,8,i013,GGATAA,29,GACTCT
HCLG_59_1,8,i013,GGATAA,30,GGGGCG
HCLG_60_1,8,i013,GGATAA,31,TACGGG
HCLG_60_2,8,i013,GGATAA,32,TGCCCG
HCLG_60_3,8,i013,GGATAA,33,AAGCTA
HCLG_60_4,8,i013,GGATAA,34,AGGGTC
HCLG_61_1,8,i013,GGATAA,35,CAGGCA
HCLG_62_1,8,i013,GGATAA,36,CGTCTA
HCLG_62_2,8,i013,GGATAA,37,GAGAGA
HCLG_63_1,8,i013,GGATAA,38,GGTACA
HCLG_63_2,8,i013,GGATAA,39,TAGTAT
HCLG_63_3,8,i013,GGATAA,40,TGCTTA
HCLG_64_1,8,i013,GGATAA,41,AATATC
HCLG_65_1,8,i013,GGATAA,42,AGGTGT
HCLG_66_1,8,i013,GGATAA,43,CATACT
HCLG_66_2,8,i013,GGATAA,44,CGTGAT
HCLG_67_1,8,i013,GGATAA,45,GTCTCA
HCLG_68_1,8,i013,GGATAA,46,GGTTTG
HCLG_68_2,8,i013,GGATAA,47,TATCAC
HCLG_68_3,8,i013,GGATAA,48,TGGGGA
HCLG_69_1,8,i013,GGATAA,49,AATGAG
HCLG_70_1,8,i013,GGATAA,50,AGTAGG
HCLG_71_1,8,i013,GGATAA,51,CCATTT
HCLG_72_1,8,i013,GGATAA,52,CTACAG
127,8,i013,GGATAA,53,GCAGAT
128,8,i013,GGATAA,54,GTAAGT
129,8,i013,GGATAA,55,TCAAAG
130,8,i013,GGATAA,56,TTATGA
131,8,i013,GGATAA,57,ACAAGA
132,8,i013,GGATAA,58,AGTTAA
133,8,i013,GGATAA,59,CCCGGT
134,8,i013,GGATAA,60,CTCGCC
61,8,i013,GGATAA,61,GCATGG
90,8,i013,GGATAA,62,GTATCC
331C,8,i013,GGATAA,63,TCCTGC
40,8,i013,GGATAA,64,TTCCGT
71,8,i013,GGATAA,65,ACAGCG
3A21,8,i013,GGATAA,66,ATAGTA
6,8,i013,GGATAA,67,CCCTAA
67,8,i013,GGATAA,68,CTGCGA
DD87,8,i013,GGATAA,69,GCCGTA
73,8,i013,GGATAA,70,GTCATC
28,8,i013,GGATAA,71,TCGATT
74,8,i013,GGATAA,72,TTCTAG
7874_4,8,i013,GGATAA,73,ACATAC
18119,8,i013,GGATAA,74,ATCAAA
18215,8,i013,GGATAA,75,CCGAGG
18311,8,i013,GGATAA,76,CTGGTT
25,8,i013,GGATAA,77,GCGACC
126,8,i013,GGATAA,78,GTGCCT
HCLG_49_3,8,i013,GGATAA,79,TCGCCA
neg_control,8,i013,GGATAA,80,TTGAGC